{"cameraMode":{"drawMode":0,"name":"Shaded","section":"Shading Mode"},"sceneLighting":false,"audioPlay":false,"sceneViewState":{"showFog":true,"showMaterialUpdate":false,"showSkybox":true,"showFlares":true,"showImageEffects":true,"showParticleSystems":true},"in2DMode":false,"pivot":{"x":-0.0036252737045288088,"y":1.7217111587524415,"z":0.06696975231170654},"rotation":{"x":-0.024152150377631189,"y":-0.7685866355895996,"z":0.6386284828186035,"w":-0.029067281633615495},"size":5.358776569366455,"orthographic":false}