{"cameraMode":{"drawMode":0,"name":"Shaded","section":"Shading Mode"},"sceneLighting":false,"audioPlay":false,"sceneViewState":{"showFog":true,"showMaterialUpdate":false,"showSkybox":true,"showFlares":true,"showImageEffects":true,"showParticleSystems":true},"in2DMode":false,"pivot":{"x":34.99821472167969,"y":1.9000738859176636,"z":0.18090415000915528},"rotation":{"x":-0.024152150377631189,"y":-0.7685866355895996,"z":0.6386284828186035,"w":-0.029067281633615495},"size":6.618398189544678,"orthographic":false}