{"cameraMode":{"drawMode":0,"name":"Shaded","section":"Shading Mode"},"sceneLighting":false,"audioPlay":false,"sceneViewState":{"showFog":true,"showMaterialUpdate":false,"showSkybox":true,"showFlares":true,"showImageEffects":true,"showParticleSystems":true},"in2DMode":false,"pivot":{"x":-0.8847600221633911,"y":4.0420002937316898,"z":5.81689977645874},"rotation":{"x":0.02077919989824295,"y":-0.9545436501502991,"z":0.28933456540107729,"w":0.06855814158916474},"size":0.647998571395874,"orthographic":false}