{"cameraMode":{"drawMode":0,"name":"Shaded","section":"Shading Mode"},"sceneLighting":false,"audioPlay":false,"sceneViewState":{"showFog":true,"showMaterialUpdate":false,"showSkybox":true,"showFlares":true,"showImageEffects":true,"showParticleSystems":true},"in2DMode":false,"pivot":{"x":44.981163024902347,"y":1.5,"z":-15.212172508239746},"rotation":{"x":-0.024152150377631189,"y":-0.7685866355895996,"z":0.6386284828186035,"w":-0.029067281633615495},"size":5.807714462280273,"orthographic":false}