{"cameraMode":{"drawMode":0,"name":"Shaded","section":"Shading Mode"},"sceneLighting":false,"audioPlay":false,"sceneViewState":{"showFog":true,"showMaterialUpdate":false,"showSkybox":true,"showFlares":true,"showImageEffects":true,"showParticleSystems":true},"in2DMode":false,"pivot":{"x":43.99903106689453,"y":1.399999976158142,"z":-14.989700317382813},"rotation":{"x":0.02077919989824295,"y":-0.9545436501502991,"z":0.28933456540107729,"w":0.06855814158916474},"size":5.701850414276123,"orthographic":false}